time,lat,lon,alt_ft,tol_m,kind,src
18:11:32,35.56189,139.76002,,50,threshold,RWY 15L of 1985 (old C runway): NW edge of the threshold stripes on the centreline traced on GSI gazo3 z17 1984-86 photos; roll start R11 DFDR via track.md 2. REF POINT: the aircraft reference point stands here at 18:11:32 (the position D4 writes = the b744 model origin: mid-length about 35 m aft of the nose tip and near the main gear); the lift-off row is for the same point; where the crew lined up is not recorded: tol
18:12:12,35.55047,139.76967,,200,liftoff,15L centreline 1540 m from the threshold row (true 145.39) for the same reference point. DISTANCE: D1 dfdr_1hz (R11 DFDR fig.1 with its scan lean corrected) as GS = CAS x 1.024 - 5.4 kt (29 C and QNH 29.93; wind 216/16 between the Haneda 18:00 and 18:30 obs of EN p.19) integrated 18:11:48-18:12:12 = 1304 m (1284-1321 m for wind 210/15 to 220/17 and TAS/CAS +-0.5 %); plus 173-298 m for 18:11:32-18:11:48 while CAS sits on or near its 50 kt floor (from a late standstill at full thrust to a rolling start; middle 236 m): 1304 + 236 = 1540 m; range 1284 + 173 = 1457 to 1321 + 298 = 1620 m (inputs/liftoff.py). TIME: R10 p.290 lists lift-off at 18:12:16 from DFDR fig.1: the first second the ALT trace leaves its runway reading (-11 to +46 ft). The table's clock agrees with R10's DFDR times within about 1 s (D4: README 3.1) so this is not a clock offset: the ALT trace resolves about 100 ft and first steps up about 4 s after the wheels leave. R11 fig.2 pitch 9.8 at 18:12:12 after 2.5 deg/s from 18:12:08 and easing after it; VRTG rises clear of 1 (0.97 then 1.06 and on to 1.17); first roll (1.4 R); the heading steps 151.4 -> 155.5 mag from 18:12:12 as the aircraft takes up a crab into the 15 kt crosswind from the right. Pitch is 16.6 at 18:12:16 and a 747 on its wheels would strike its tail
18:13:55,35.48000,139.79000,,2000,map,track.md 2: R05 p.137 fig.1 fit (label 3200 ft / CAS 170 kt)
18:18:30,35.12000,139.80000,,2000,map,track.md 2: R05 p.137 fig.1 fit (label 12200 ft / CAS 290 kt)
18:19:15,35.03000,139.78000,,2000,map,track.md 2: R05 p.137 fig.1 fit; about 18:19:15 turn to about 258 magnetic (about 14000 ft / CAS 300 kt)
18:21:36,34.91500,139.49000,,2000,map,track.md 2: R05 p.137 fig.1 fit moved onto the 244 track (label 18900 ft / CAS 300 kt)
18:24:12,34.78000,139.15000,,2000,map,track.md 2: R05 p.137 fig.1 fit (label 23400 ft / CAS 300 kt)
18:24:35,34.76100,139.10000,,500,failure,track.md 2: K fig.16 (JTSB 2011 commentary) 34 45.7 N 139 06.0 E (23900 ft / CAS 300 kt)
18:25:18,34.73000,139.01000,,2000,map,track.md 2: R05 p.137 fig.1 fit shifted 3 km west for speed consistency (label 23900 ft / CAS 310 kt)
18:27:07,34.79000,138.79000,,2000,map,track.md 2: R05 p.137 fig.1 fit (label 24400 ft / CAS 280 kt)
18:28:36,34.82000,138.58500,,2000,map,track.md 2: R05 p.137 fig.1 fit (label 22100 ft / CAS 280 kt)
18:31:08,34.91500,138.30000,,2000,map,track.md 2: R05 p.137 fig.1 fit; 70.9 NM from Nagoya against ATC 72 NM at 18:31:14 (label 24900 ft / CAS 250 kt)
18:34:53,35.31000,138.34000,,2000,map,track.md 2: R05 p.137 fig.1 fit (label 21400 ft / CAS 270 kt)
18:38:08,35.41000,138.71000,,2000,map,track.md 2: R05 p.137 fig.1 fit; report says 7 km NNW of the Fuji summit (label 22400 ft / CAS 260 kt)
18:40:30,35.61000,138.87000,,2000,map,track.md 2: R05 p.137 fig.1 fit; Otsuki turn entry (label 22400 ft / CAS 220 kt)
18:41:59,35.57000,139.02000,,2000,map,track.md 2: R05 p.137 fig.1 fit; Otsuki loop (label 20900 ft / CAS 240 kt)
18:43:05,35.53000,138.92000,,2000,map,track.md 2: R05 p.137 fig.1 fit; Otsuki loop (label 18600 ft / CAS 240 kt)
18:44:09,35.65000,138.91000,,2000,map,track.md 2: R05 p.137 fig.1 fit; Otsuki loop (label 17000 ft / CAS 240 kt)
18:45:48,35.66500,139.06000,,2000,map,track.md 2: R05 p.137 fig.1 fit (label 13500 ft / CAS 220 kt)
18:47:17,35.72000,139.17000,,2000,map,track.md 2: R05 p.137 fig.1 fit; easternmost point over Okutama (label 9000 ft / CAS 230 kt)
18:48:03,35.78000,139.15000,,2000,map,track.md 2: R05 p.137 fig.1 fit (label 6800 ft / CAS 230 kt)
18:51:03,35.86000,138.96000,,3000,map,track.md 2: R05 p.137 fig.1 fit (label 9600 ft / CAS 190 kt); tolerance widened for the fit's 2.5 km bias near the crash
18:53:03,35.89000,138.80000,,3000,map,track.md 2: R05 p.137 fig.1 fit (label 13400 ft / CAS 180 kt); tolerance widened for the fit's 2.5 km bias near the crash
18:54:30,35.96800,138.75300,,2500,backcalc,SOFT. track.md 2: worked back from the crash with DFDR heading and speed (stated +-1 km); its 10700 ft / CAS 220 kt match R11 p.5 (dfdr_1hz: 10811 ft / 223 kt / HDG 303 mag); a DFDR dead reckoning back from the larch passes 1.0-2.4 km from here: tol covers it. Also R05 fig.1's own label on this leg: 18:54:23 / 11000 ft / 220 kt (dfdr_1hz at 18:54:23: 10989 ft / 222 kt): time-exact but placed only to fig.1's +-1.5-2 km (about 2.5 km west bias near the crash); position not changed
18:55:00,35.98200,138.71500,,2500,backcalc,SOFT. track.md 2: worked back from the crash; start of the final right turn NE of Mt Mikuni; its 11300 ft / CAS 180 kt match R11 p.5 (dfdr_1hz: 11297 ft / 177 kt / HDG 317 mag); a DFDR dead reckoning back from the larch passes 1.1-2.2 km from here: tol covers it. Also R05 fig.1's own label here: 18:55:03 / 11300 ft / 180 kt (dfdr_1hz at 18:55:03: 11298 ft / 177 kt): time-exact but placed only to fig.1's +-1.5-2 km (about 2.5 km west bias near the crash); position not changed
18:55:40,36.01400,138.72700,,3500,backcalc,SOFT. track.md 2: final loop worked back from the crash from chart readings a few s off: its 10100 ft / CAS 205 kt against R11 p.5 at 18:55:40 (dfdr_1hz: 9821 ft / 212 kt / HDG 065 mag); a DFDR dead reckoning back from the larch passes 2.0-3.0 km from here: tol covers it
18:56:00,35.99850,138.74100,,3000,backcalc,SOFT. track.md 2: final loop worked back from the crash from chart readings about 5 s early: its about 9000 ft / CAS 240 kt against R11 p.5 at 18:56:00 (dfdr_1hz: 9779 ft / 206 kt / HDG 148 mag; 9000 ft / 240 kt come at about 18:56:05); a DFDR dead reckoning back from the larch passes 1.8-2.7 km from here: tol covers it
18:56:10,35.98900,138.72900,,2000,backcalc,SOFT. track.md 2: final loop worked back from the crash from chart readings a few s off: its about 6500 ft / CAS 300 kt against R11 p.5 at 18:56:10 (dfdr_1hz: 7389 ft / 299 kt / HDG 220 mag; 6500 ft comes at 18:56:13); a DFDR dead reckoning back from the larch passes 1.1-1.9 km from here: tol covers it
18:56:18,35.99100,138.71400,,1000,backcalc,SOFT. track.md 2: worked back from the crash with heading 314 magnetic (about 4900 ft / CAS 340 kt) read about 7 s early: R11 p.5 at 18:56:18 reads HDG 268 mag / 5179 ft / 343 kt (dfdr_1hz); 312-314 comes only at about 18:56:25 and 4900 ft at 18:56:20; a DFDR dead reckoning back from the larch passes 0.3-0.6 km from here
18:56:23,35.99510,138.70480,5066,50,contact,track.md 2 (R05 fig.13 geometry and GSI DEM 1534 m); larch on ground at about 1530 m cut about 14 m up (EN p.8 and p.12 2.4.3.7): alt = 1544 m = the cut. PART: engine fan exit case and cascade vane parts in the cut (EN p.11 2.4.2.5(3)); the report does not name the engine: No.4 (right outboard) by the right bank and the No.4 debris from the larch to the U-ditch (EN p.12 2.4.3.6 and 2.4.3.8). At DFDR bank 46 R it hangs about 15-18 m below the fuselage centreline: offset by attitude
18:56:26,35.99760,138.69950,5282,50,contact,track.md 2 (R05 fig.13 geometry and GSI DEM 1606 m); U-shaped ditch on the ridge at 1610 m about 520 m WNW of the larch (EN p.8). PART: right wing tip (tip parts and wing skin in the ditch: EN p.12 2.4.3.5). The bank at the contact is not recorded: dfdr_1hz's last roll is 59.5 R at 18:56:24 and its rows are empty from 18:56:25 (R10 p.294: abnormal data from about 18:56:26); at 60-80 R the tip (half-span 29.8 m) hangs about 25-29 m below the fuselage centreline: offset by attitude
18:56:29,36.00100,138.69430,5135,100,contact,SOFT (D4: moved from 18:56:28; direction only). The ditch-to-ridge 570-600 m at the DFDR's about 190 m/s takes about 3 s (at 18:56:28 it would need about 585 kt against a TAS of about 365-375 kt); R05 fig.1 labels the crash site 18:56'30 and the report gives 18:56:28-30. Used only to shape the path's direction after the ditch: the scenario ends at 18:56:28. track.md 2 (memorial position and GSI DEM 1558-1560 m); crash point on the ridge at 1565 m about 570 m NW of the ditch (EN p.8). PART: fuselage nearly inverted (WJ last values pitch -42 roll 131): the centreline is a few m above the ground
