t,pa_ft,cas_kt,g,pa_lo_ft,pa_hi_ft
48335.9,,,-1.1,,
48345.8,,,1.0,,
48355.8,,7.5,1.0,,
48365.7,,7.5,1.0,,
48375.6,217.4,7.5,1.0,217.4,217.4
48385.6,217.4,7.5,1.0,217.4,217.4
48395.5,217.4,7.5,1.0,217.4,217.4
48405.4,217.4,7.5,1.0,217.4,217.4
48415.4,217.4,7.5,1.0,217.4,217.4
48425.3,217.4,7.5,1.0,217.4,217.4
48435.2,308.0,7.5,1.0,217.4,18514.5
48445.2,398.6,7.5,1.0,217.4,18514.5
48455.1,18605.1,7.5,1.0,398.6,20869.6
48465.0,19873.2,7.5,1.0,398.6,21050.7
48475.0,217.4,7.5,1.0,217.4,217.4
48484.9,217.4,7.5,1.0,217.4,217.4
48494.8,217.4,7.5,1.0,217.4,217.4
48504.8,217.4,7.5,1.0,217.4,217.4
48514.7,217.4,7.5,1.0,217.4,217.4
48524.6,217.4,7.5,1.0,217.4,217.4
48534.5,217.4,7.5,1.0,217.4,217.4
48544.5,217.4,7.5,1.0,217.4,217.4
48554.4,217.4,7.5,1.0,217.4,217.4
48564.3,217.4,7.5,1.0,217.4,217.4
48574.3,217.4,7.5,1.0,217.4,217.4
48584.2,217.4,7.5,1.0,217.4,217.4
48594.1,217.4,7.5,1.0,217.4,217.4
48604.1,217.4,7.5,1.0,217.4,217.4
48614.0,217.4,5.4,1.0,217.4,217.4
48623.9,,5.4,1.0,,
48633.9,,,1.0,,
48643.8,,,1.0,,
48653.7,,9.6,,,
48663.7,217.4,9.6,,217.4,217.4
48673.6,308.0,18.2,1.0,308.0,308.0
48683.5,126.8,39.6,1.0,126.8,126.8
48693.5,,95.4,1.0,,
48703.4,,121.1,1.0,,
48713.3,489.1,148.9,1.0,398.6,579.7
48723.3,670.3,155.4,1.0,579.7,760.9
48733.2,1032.6,157.5,1.0,942.0,1123.2
48743.1,1576.1,157.5,1.0,579.7,2572.5
48753.1,2029.0,148.9,1.0,1847.8,2210.1
48763.0,2391.3,148.9,0.9,2210.1,2572.5
48772.9,2663.0,153.2,1.0,2663.0,2663.0
48782.9,2844.2,157.5,1.0,2844.2,2844.2
48792.8,3297.1,164.0,1.0,3297.1,3297.1
48802.7,3387.7,174.7,1.0,3387.7,3387.7
48812.7,3297.1,189.7,1.6,3297.1,3297.1
48822.6,3115.9,215.4,1.7,3115.9,3115.9
48832.5,3297.1,219.7,1.5,3297.1,3297.1
48842.5,3206.5,211.1,1.5,3206.5,3206.5
48852.4,4293.5,185.4,1.2,4293.5,4293.5
48862.3,4293.5,174.7,1.0,4202.9,4384.1
48872.2,4474.6,172.5,1.1,4474.6,4474.6
48882.2,4384.1,174.7,1.0,4021.7,4384.1
48892.1,4202.9,179.0,1.1,4202.9,4202.9
48902.0,4112.3,185.4,1.1,4112.3,4112.3
48912.0,4112.3,189.7,1.2,4021.7,4202.9
48921.9,3931.2,194.0,1.2,3931.2,3931.2
48931.8,4112.3,196.1,1.2,4112.3,4112.3
48941.8,4112.3,194.0,1.1,4021.7,4202.9
48951.7,4565.2,194.0,1.1,4384.1,4927.5
48961.6,4655.8,194.0,1.2,4565.2,4746.4
48971.6,4746.4,191.8,1.1,4746.4,4746.4
48981.5,4927.5,196.1,1.1,4927.5,4927.5
48991.4,4927.5,202.5,1.2,4746.4,4927.5
49001.4,5199.3,198.2,1.2,5108.7,5289.9
49011.3,5380.4,194.0,1.1,5289.9,5471.0
49021.2,5652.2,191.8,1.0,5652.2,5652.2
49031.2,5923.9,191.8,1.1,5652.2,6195.7
49041.1,6376.8,187.5,1.1,6195.7,6558.0
49051.0,6739.1,179.0,1.0,6014.5,7101.4
49061.0,7192.0,176.8,0.9,5833.3,7826.1
49070.9,7916.7,179.0,0.9,7644.9,8007.2
49080.8,8188.4,185.4,1.0,8188.4,8188.4
49090.8,8460.1,198.2,1.1,8460.1,8460.1
49100.7,8460.1,198.2,1.0,8460.1,8460.1
49110.6,9275.4,196.1,1.0,9094.2,10000.0
49120.6,9637.7,194.0,1.1,9456.5,9818.8
49130.5,9909.4,187.5,1.1,9637.7,10181.2
49140.4,9909.4,187.5,1.1,9094.2,10362.3
49150.4,9094.2,241.1,1.9,6558.0,10362.3
49160.3,8188.4,271.1,2.8,6014.5,10362.3
49170.2,6829.7,286.1,2.8,6014.5,10000.0
49180.2,6014.5,264.7,2.8,5652.2,6558.0
49190.1,5923.9,209.0,1.8,5471.0,6376.8
49200.0,6105.1,194.0,1.0,5471.0,6739.1
49210.0,6286.2,185.4,1.2,5471.0,6739.1
49219.9,6286.2,189.7,1.3,5471.0,6739.1
49229.8,6014.5,224.0,2.6,5289.9,6739.1
49239.8,6014.5,226.1,2.7,5289.9,6739.1
49249.7,5833.3,200.4,1.8,5289.9,6920.3
49259.6,6467.4,194.0,1.3,5471.0,7101.4
49269.5,6920.3,161.8,1.0,6195.7,7644.9
49279.5,7282.6,144.7,0.9,6920.3,7644.9
49289.4,7554.3,148.9,1.0,7463.8,7644.9
49299.3,7644.9,166.1,1.1,7463.8,7826.1
49309.3,7282.6,179.0,1.2,7282.6,7282.6
49319.2,7463.8,181.1,1.1,7463.8,7826.1
49329.1,7644.9,174.7,1.1,7644.9,7826.1
49339.1,7644.9,172.5,1.1,7282.6,7644.9
49349.0,7463.8,176.8,1.2,6920.3,7644.9
49358.9,6920.3,204.7,1.5,6195.7,7644.9
49368.9,6739.1,215.4,2.4,6195.7,7282.6
49378.8,6558.0,215.4,1.9,6195.7,6920.3
49388.7,6648.6,187.5,1.3,6195.7,7101.4
49398.7,7010.9,179.0,1.3,6195.7,7282.6
49408.6,7282.6,187.5,1.1,7282.6,7282.6
49418.5,7463.8,194.0,1.1,7463.8,7463.8
49428.5,7644.9,191.8,1.2,7644.9,8007.2
49438.4,7916.7,187.5,1.2,7826.1,8188.4
49448.3,8188.4,172.5,1.2,8007.2,8369.6
49458.3,8460.1,161.8,1.1,8188.4,8731.9
49468.2,8913.0,146.8,1.0,8913.0,8913.0
49478.1,9094.2,146.8,1.0,9094.2,9094.2
49488.1,9275.4,153.2,1.1,9094.2,9275.4
49498.0,9275.4,153.2,1.1,9275.4,9275.4
49507.9,9637.7,151.1,1.0,9094.2,10181.2
49517.9,10543.5,155.4,1.0,10543.5,10543.5
49527.8,10634.1,159.7,1.1,10543.5,11087.0
49537.7,10724.6,159.7,1.0,10543.5,10905.8
49547.7,10815.2,166.1,1.2,10724.6,10905.8
49557.6,10905.8,181.1,1.2,10543.5,10905.8
49567.5,10634.1,202.5,1.2,10362.3,10724.6
49577.5,10634.1,202.5,1.2,10543.5,10724.6
49587.4,9456.5,219.7,1.3,7101.4,10724.6
49597.3,8822.5,258.3,2.0,7101.4,10543.5
49607.2,8460.1,284.0,1.9,7101.4,10000.0
49617.2,7373.2,275.4,1.6,7101.4,7644.9
49627.1,7463.8,232.5,1.5,7101.4,7826.1
49637.0,7554.3,219.7,1.4,7463.8,7644.9
49647.0,7192.0,219.7,1.4,6920.3,7463.8
49656.9,7010.9,204.7,1.4,6920.3,7101.4
49666.8,6920.3,189.7,1.2,6920.3,6920.3
49676.8,6829.7,172.5,1.1,6829.7,6829.7
49686.7,6648.6,164.0,1.2,6558.0,6739.1
49696.6,6648.6,161.8,1.2,6558.0,6920.3
49706.6,6376.8,153.2,1.1,6195.7,6376.8
49716.5,6376.8,151.1,1.1,6376.8,6376.8
49726.4,6286.2,161.8,1.3,6195.7,6376.8
49736.4,6195.7,170.4,1.4,6195.7,6195.7
49746.3,6467.4,183.2,1.2,6195.7,6739.1
49756.2,6648.6,179.0,1.1,6558.0,6739.1
49766.2,,168.2,1.1,,
49776.1,8188.4,164.0,1.1,8188.4,8188.4
49786.0,8188.4,164.0,1.1,8007.2,8369.6
49796.0,8460.1,164.0,1.1,8460.1,8460.1
49805.9,8913.0,166.1,1.1,8369.6,9094.2
49815.8,9275.4,170.4,1.2,9275.4,9275.4
49825.8,9365.9,194.0,1.2,9094.2,9637.7
49835.7,9547.1,196.1,1.1,9275.4,10181.2
49845.6,10000.0,196.1,1.0,9637.7,10362.3
49855.6,10271.7,196.1,1.0,9275.4,10724.6
49865.5,,196.1,1.1,,
49875.4,11902.2,191.8,1.1,11902.2,11902.2
49885.4,12083.3,181.1,1.0,11992.8,12173.9
49895.3,12264.5,183.2,1.1,11992.8,12536.2
49905.2,12355.1,198.2,1.2,12173.9,12717.4
49915.2,12445.7,213.2,1.3,11992.8,12898.6
49925.1,12626.8,215.4,1.2,12536.2,12717.4
49935.0,12989.1,215.4,1.3,12898.6,13079.7
49945.0,13532.6,202.5,1.2,13260.9,13804.3
49954.9,13894.9,194.0,1.0,13442.0,14347.8
49964.8,14347.8,185.4,1.0,14166.7,14529.0
49974.8,14619.6,187.5,1.0,14166.7,14710.1
49984.7,14800.7,196.1,1.1,14800.7,14800.7
49994.6,14891.3,204.7,1.1,14891.3,14891.3
50004.5,14891.3,209.0,1.2,14891.3,14891.3
50014.5,14891.3,209.0,1.2,14891.3,14891.3
50024.4,15072.5,209.0,1.2,15072.5,15253.6
50034.3,15072.5,206.8,1.1,15072.5,15072.5
50044.3,15344.2,200.4,1.0,15072.5,15615.9
50054.2,15434.8,194.0,1.0,15434.8,15434.8
50064.1,15525.4,191.8,1.1,15253.6,15615.9
50074.1,15525.4,194.0,1.0,15434.8,15615.9
50084.0,15344.2,206.8,1.4,15072.5,15615.9
50093.9,15344.2,209.0,1.5,15253.6,15434.8
50103.9,14800.7,206.8,1.4,14529.0,15253.6
50113.8,14347.8,209.0,1.3,14347.8,14347.8
50123.7,14347.8,213.2,1.2,14347.8,14347.8
50133.7,14347.8,211.1,1.1,14347.8,14347.8
50143.6,14257.2,211.1,1.3,14166.7,14347.8
50153.5,14166.7,211.1,1.2,14166.7,14166.7
50163.5,14257.2,204.7,1.2,14166.7,14347.8
50173.4,14347.8,200.4,1.1,14347.8,14347.8
50183.3,14347.8,194.0,1.0,14166.7,14529.0
50193.3,14710.1,196.1,1.1,14710.1,14710.1
50203.2,14347.8,209.0,1.3,14166.7,14529.0
50213.1,14438.4,209.0,1.3,14166.7,14710.1
50223.1,15163.0,194.0,1.0,14891.3,15615.9
50233.0,15434.8,187.5,1.1,15253.6,15615.9
50242.9,15525.4,185.4,1.1,15434.8,15615.9
50252.9,15615.9,189.7,1.1,15434.8,15615.9
50262.8,15797.1,196.1,1.0,15615.9,15797.1
50272.7,15797.1,209.0,1.1,15615.9,15797.1
50282.7,15887.7,206.8,1.2,15797.1,15978.3
50292.6,16159.4,198.2,1.1,16159.4,16159.4
50302.5,16159.4,187.5,1.1,15978.3,16159.4
50312.5,16250.0,183.2,1.2,15978.3,16340.6
50322.4,16340.6,185.4,1.2,16159.4,16340.6
50332.3,16250.0,189.7,1.2,16250.0,16250.0
50342.2,16159.4,194.0,1.2,16159.4,16159.4
50352.2,16159.4,194.0,1.2,16159.4,16340.6
50362.1,16159.4,196.1,1.4,16159.4,16159.4
50372.0,16159.4,194.0,1.3,16159.4,16340.6
50382.0,16521.7,185.4,1.1,16340.6,16702.9
50391.9,16521.7,183.2,1.0,16521.7,16521.7
50401.8,16793.5,189.7,1.1,16793.5,16793.5
50411.8,16521.7,196.1,1.2,16521.7,16521.7
50421.7,16521.7,206.8,1.2,16521.7,16521.7
50431.6,16702.9,206.8,1.1,16702.9,16702.9
50441.6,16793.5,206.8,1.1,16793.5,16793.5
50451.5,16612.3,206.8,1.1,16521.7,16702.9
50461.4,16612.3,211.1,1.2,16521.7,16702.9
50471.4,16431.2,211.1,1.2,16431.2,16431.2
50481.3,16612.3,209.0,1.2,16521.7,16702.9
50491.2,16521.7,206.8,1.2,16521.7,16521.7
50501.2,16702.9,194.0,1.2,16702.9,16702.9
50511.1,16793.5,183.2,1.1,16793.5,16793.5
50521.0,16702.9,179.0,1.1,16702.9,16702.9
50531.0,16884.1,179.0,1.0,16884.1,16884.1
50540.9,16884.1,181.1,1.0,16702.9,16884.1
50550.8,16974.6,183.2,1.1,16884.1,17065.2
50560.8,16702.9,191.8,1.2,16702.9,16702.9
50570.7,16612.3,198.2,1.2,16612.3,16612.3
50580.6,16521.7,200.4,1.2,16521.7,16521.7
50590.6,16612.3,200.4,1.2,16612.3,16612.3
50600.5,16521.7,200.4,1.2,16340.6,16521.7
50610.4,16250.0,200.4,1.1,15978.3,16521.7
50620.4,16521.7,200.4,1.0,16159.4,16521.7
50630.3,16340.6,204.7,1.0,15978.3,16521.7
50640.2,15797.1,230.4,2.0,14347.8,16159.4
50650.2,14076.1,254.0,2.6,13260.9,16521.7
50660.1,12989.1,260.4,2.6,12898.6,13079.7
50670.0,10634.1,262.5,2.8,7826.1,13079.7
50680.0,10362.3,299.0,2.9,7644.9,13079.7
50689.9,9456.5,303.3,2.9,7644.9,12717.4
50699.8,9456.5,228.2,1.6,8007.2,10905.8
50709.8,10362.3,174.7,0.8,9094.2,10724.6
50719.7,10634.1,157.5,1.1,10543.5,10724.6
50729.6,10724.6,159.7,1.1,10724.6,10905.8
50739.5,10634.1,157.5,1.0,10543.5,10724.6
50749.5,10452.9,161.8,1.1,10362.3,10543.5
50759.4,10181.2,206.8,1.5,10000.0,10362.3
50769.3,10000.0,219.7,1.6,9818.8,10181.2
50779.3,9818.8,228.2,1.7,9818.8,10000.0
50789.2,10090.6,224.0,1.7,9818.8,10362.3
50799.1,10362.3,204.7,1.1,9818.8,11087.0
50809.1,10724.6,191.8,1.1,10181.2,11449.3
50819.0,11268.1,170.4,0.9,11087.0,11449.3
50828.9,11449.3,168.2,1.0,11268.1,11630.4
50838.9,11811.6,170.4,1.1,11630.4,11992.8
50848.8,12173.9,168.2,1.0,11992.8,12355.1
50858.7,12536.2,172.5,1.1,12536.2,12717.4
50868.7,12536.2,176.8,1.2,12536.2,12536.2
50878.6,12898.6,181.1,1.1,12717.4,13079.7
50888.5,12989.1,189.7,1.2,12989.1,12989.1
50898.5,13079.7,202.5,1.0,13079.7,13079.7
50908.4,13260.9,209.0,1.0,13260.9,13260.9
50918.3,13351.4,209.0,1.1,13351.4,13351.4
50928.3,13442.0,206.8,1.2,13442.0,13623.2
50938.2,13623.2,196.1,1.1,13623.2,13623.2
50948.1,13713.8,183.2,1.0,13623.2,13804.3
50958.1,13894.9,174.7,1.0,13894.9,13894.9
50968.0,14076.1,176.8,1.0,13804.3,13985.5
50977.9,14257.2,176.8,1.0,13985.5,14347.8
50987.9,14438.4,176.8,1.0,14438.4,14438.4
50997.8,14347.8,181.1,1.0,14347.8,14347.8
51007.7,14438.4,187.5,1.3,14438.4,14438.4
51017.7,13351.4,215.4,2.0,11992.8,14166.7
51027.6,13351.4,226.1,2.1,12355.1,14166.7
51037.5,12173.9,236.8,1.8,10724.6,13623.2
51047.5,10634.1,243.2,2.3,10543.5,10724.6
51057.4,10634.1,254.0,2.1,10543.5,10724.6
51067.3,10543.5,239.0,1.2,10543.5,10543.5
51077.2,10634.1,204.7,1.2,10634.1,10634.1
51087.2,10634.1,196.1,1.2,10543.5,10724.6
51097.1,10543.5,176.8,1.1,10362.3,10724.6
51107.0,10543.5,170.4,1.1,10181.2,10724.6
51117.0,10271.7,179.0,1.4,10000.0,10543.5
51126.9,10090.6,183.2,1.5,9818.8,10362.3
51136.8,9818.8,185.4,1.1,9818.8,9818.8
51146.8,9818.8,179.0,1.1,9818.8,9818.8
51156.7,9728.3,176.8,1.2,9637.7,9818.8
51166.6,9728.3,183.2,1.2,9637.7,9818.8
51176.6,9818.8,187.5,1.2,9818.8,10000.0
51186.5,10000.0,191.8,1.1,9818.8,10181.2
51196.4,10090.6,198.2,1.5,10000.0,10181.2
51206.4,10181.2,198.2,1.5,10000.0,10362.3
51216.3,10362.3,194.0,1.3,10181.2,10543.5
51226.2,10724.6,194.0,1.3,10724.6,10724.6
51236.2,11087.0,191.8,1.1,11087.0,11087.0
51246.1,11177.5,191.8,1.2,11177.5,11177.5
51256.0,11358.7,198.2,1.2,11268.1,11449.3
51266.0,11539.9,196.1,1.0,11268.1,11811.6
51275.9,11811.6,198.2,1.3,11811.6,11811.6
51285.8,11539.9,211.1,1.4,11268.1,11630.4
51295.8,11630.4,217.5,1.4,11630.4,11992.8
51305.7,11539.9,217.5,1.4,10724.6,11811.6
51315.6,11087.0,224.0,1.7,10362.3,11811.6
51325.6,10996.4,230.4,2.3,10181.2,11811.6
51335.5,10724.6,230.4,1.9,10362.3,11087.0
51345.4,10634.1,211.1,1.3,10362.3,10905.8
51355.4,10634.1,200.4,1.6,10362.3,10905.8
51365.3,10815.2,200.4,1.3,10724.6,10905.8
51375.2,10724.6,196.1,1.2,10362.3,10905.8
51385.2,10905.8,194.0,1.2,10543.5,10905.8
51395.1,8279.0,241.1,2.7,6558.0,10724.6
51405.0,8279.0,271.1,3.2,6376.8,10724.6
51415.0,7916.7,251.8,1.4,6376.8,10181.2
51424.9,8007.2,219.7,0.8,6376.8,9456.5
51434.8,9094.2,183.2,1.0,9094.2,9094.2
51444.8,9094.2,185.4,1.3,9094.2,9094.2
51454.7,9094.2,187.5,1.4,9094.2,9094.2
51464.6,9094.2,187.5,1.2,9094.2,9094.2
51474.5,9275.4,185.4,1.2,9275.4,9275.4
51484.5,9094.2,194.0,1.1,9094.2,9094.2
51494.4,9184.8,202.5,1.1,9184.8,9184.8
51504.3,9456.5,209.0,1.1,9275.4,9818.8
51514.3,9637.7,215.4,1.1,9456.5,9818.8
51524.2,10181.2,215.4,1.1,10181.2,10181.2
51534.1,10815.2,217.5,1.2,10543.5,11087.0
51544.1,10905.8,219.7,1.0,10724.6,11087.0
51554.0,11268.1,217.5,1.0,11087.0,11449.3
51563.9,11721.0,215.4,1.0,11630.4,11811.6
51573.9,11992.8,215.4,1.0,11992.8,12173.9
51583.8,12173.9,219.7,1.1,11992.8,12355.1
51593.7,12264.5,213.2,1.0,11992.8,12536.2
51603.7,12536.2,200.4,1.0,12536.2,12536.2
51613.6,12626.8,202.5,1.1,12173.9,12717.4
51623.5,12355.1,213.2,1.3,12173.9,12536.2
51633.5,12264.5,217.5,1.4,11992.8,12717.4
51643.4,11992.8,217.5,1.3,11992.8,11992.8
51653.3,11992.8,219.7,1.2,11992.8,12355.1
51663.3,12173.9,215.4,1.5,12173.9,12355.1
51673.2,12173.9,215.4,1.2,12173.9,12173.9
51683.1,12264.5,217.5,1.4,12264.5,12264.5
51693.1,10905.8,254.0,2.7,9818.8,11992.8
51703.0,10543.5,273.3,2.6,9456.5,11630.4
51712.9,9818.8,269.0,1.5,9275.4,10362.3
51722.9,10000.0,249.7,1.1,9456.5,10543.5
51732.8,10543.5,209.0,1.1,9818.8,11087.0
51742.7,10452.9,196.1,1.1,9818.8,11087.0
51752.7,9003.6,241.1,2.6,6920.3,11087.0
51762.6,8460.1,266.8,2.7,6558.0,10362.3
51772.5,7644.9,264.7,2.1,6739.1,8550.7
51782.5,7644.9,213.2,0.9,6920.3,8369.6
51792.4,9003.6,161.8,0.9,9003.6,9003.6
51802.3,9003.6,148.9,1.0,9003.6,9003.6
51812.2,8822.5,148.9,1.0,8822.5,8822.5
51822.2,8641.3,151.1,1.0,8641.3,8641.3
51832.1,8550.7,164.0,1.0,8550.7,8550.7
51842.0,8731.9,174.7,1.1,8731.9,8731.9
51852.0,9003.6,196.1,1.0,9003.6,9003.6
51861.9,9003.6,206.8,1.0,9003.6,9003.6
51871.8,7282.6,254.0,1.4,5652.2,8913.0
51881.8,7101.4,277.5,3.0,5289.9,8913.0
51891.7,6195.7,288.3,2.6,5289.9,8550.7
51901.6,7101.4,241.1,1.9,5652.2,8550.7
51911.6,8279.0,159.7,1.0,7826.1,8731.9
51921.5,8822.5,148.9,0.9,8822.5,8822.5
51931.4,9003.6,159.7,1.1,9003.6,9003.6
51941.4,9184.8,168.2,1.0,9094.2,9275.4
51951.3,9637.7,179.0,1.0,9094.2,10000.0
51961.2,10000.0,183.2,1.0,9275.4,10543.5
51971.2,10634.1,187.5,1.1,10362.3,10905.8
51981.1,10905.8,183.2,1.0,10543.5,11268.1
51991.0,10634.1,185.4,1.0,10634.1,10634.1
52001.0,11902.2,189.7,1.2,11902.2,11902.2
52010.9,11992.8,204.7,1.2,11992.8,11992.8
52020.8,12083.3,213.2,1.4,11992.8,12173.9
52030.8,10000.0,264.7,2.8,8007.2,11811.6
52040.7,9818.8,290.4,3.1,7826.1,11811.6
52050.6,9094.2,292.5,1.9,7826.1,10362.3
52060.6,8641.3,266.8,1.8,7826.1,10362.3
52070.5,8731.9,211.1,1.9,8550.7,8913.0
52080.4,8460.1,200.4,1.2,8007.2,8550.7
52090.4,8641.3,185.4,1.0,8550.7,8731.9
52100.3,8731.9,172.5,1.2,8369.6,8731.9
52110.2,9003.6,172.5,1.4,8913.0,9094.2
52120.2,8641.3,181.1,1.3,8641.3,8641.3
52130.1,9184.8,196.1,1.1,9094.2,9275.4
52140.0,9094.2,194.0,1.0,9094.2,9094.2
52150.0,10362.3,191.8,1.0,10362.3,10362.3
52159.9,10543.5,194.0,1.0,10362.3,10724.6
52169.8,10634.1,196.1,0.9,10362.3,10905.8
52179.8,10815.2,202.5,1.0,10543.5,11087.0
52189.7,10634.1,232.5,2.1,10362.3,10905.8
52199.6,10543.5,241.1,1.8,10362.3,10724.6
52209.5,10452.9,241.1,1.7,10362.3,10724.6
52219.5,10452.9,234.7,1.6,10181.2,10724.6
52229.4,10362.3,209.0,1.2,10181.2,10543.5
52239.3,10724.6,200.4,1.0,10724.6,10724.6
52249.3,10815.2,191.8,1.0,10724.6,10905.8
52259.2,10996.4,187.5,1.0,10996.4,10996.4
52269.1,11177.5,183.2,1.0,11177.5,11177.5
52279.1,11268.1,183.2,1.0,11268.1,11268.1
52289.0,11087.0,181.1,1.1,10905.8,11087.0
52298.9,11268.1,181.1,1.2,11268.1,11268.1
52308.9,11449.3,181.1,1.0,11449.3,11449.3
52318.8,11539.9,183.2,1.1,11539.9,11539.9
52328.7,11539.9,187.5,1.2,11539.9,11539.9
52338.7,11721.0,189.7,1.2,11721.0,11721.0
52348.6,11902.2,189.7,1.2,11902.2,11902.2
52358.5,11992.8,189.7,1.1,11992.8,11992.8
52368.5,12173.9,185.4,1.1,12173.9,13079.7
52378.4,12898.6,181.1,1.1,11992.8,13260.9
52388.3,13170.3,176.8,1.0,13079.7,13260.9
52398.3,13170.3,176.8,1.0,13170.3,13170.3
52408.2,13351.4,185.4,1.0,13351.4,13351.4
52418.1,13442.0,187.5,1.0,13260.9,13442.0
52428.1,13532.6,187.5,1.4,13532.6,13532.6
52438.0,13623.2,187.5,1.2,13623.2,13623.2
52447.9,13985.5,194.0,1.1,13985.5,13985.5
52457.9,13985.5,200.4,1.1,13985.5,13985.5
52467.8,13985.5,209.0,1.6,13985.5,13985.5
52477.7,13894.9,213.2,1.6,13985.5,14166.7
52487.7,13894.9,211.1,1.4,13894.9,13894.9
52497.6,14076.1,209.0,1.0,14076.1,14076.1
52507.5,14076.1,209.0,1.1,13985.5,14166.7
52517.5,14257.2,211.1,1.2,14257.2,14257.2
52527.4,14347.8,213.2,1.3,14166.7,14347.8
52537.3,14710.1,215.4,1.2,14710.1,14710.1
52547.2,14800.7,215.4,1.0,14710.1,14891.3
52557.2,14981.9,215.4,1.1,14981.9,14981.9
52567.1,15163.0,213.2,1.2,15072.5,15253.6
52577.0,15434.8,209.0,1.1,15072.5,15615.9
52587.0,15525.4,206.8,1.1,15434.8,15615.9
52596.9,15615.9,206.8,1.3,15615.9,15615.9
52606.8,15706.5,204.7,1.0,15706.5,15706.5
52616.8,15706.5,204.7,1.0,15706.5,15706.5
52626.7,15706.5,204.7,1.0,15706.5,15706.5
52636.6,15706.5,206.8,1.0,15706.5,15706.5
52646.6,15706.5,206.8,1.0,15706.5,15706.5
52656.5,15887.7,204.7,1.0,15887.7,15887.7
52666.4,15887.7,204.7,1.0,15887.7,15887.7
52676.4,15978.3,204.7,1.1,15978.3,15978.3
52686.3,15978.3,200.4,1.0,15978.3,15978.3
52696.2,16159.4,200.4,1.1,16159.4,16159.4
52706.2,16068.8,196.1,1.3,16068.8,16068.8
52716.1,16068.8,194.0,1.3,16068.8,16068.8
52726.0,16250.0,191.8,1.1,16250.0,16250.0
52736.0,16250.0,191.8,0.9,16250.0,16250.0
52745.9,16250.0,198.2,1.0,16250.0,16250.0
52755.8,16250.0,206.8,1.0,16250.0,16250.0
52765.8,16250.0,219.7,1.0,16159.4,16340.6
52775.7,16159.4,226.1,1.0,16159.4,16159.4
52785.6,16250.0,234.7,1.0,16250.0,16250.0
52795.6,16250.0,236.8,1.2,16159.4,16521.7
52805.5,16431.2,236.8,1.0,16340.6,16521.7
52815.4,16612.3,236.8,1.0,16612.3,16612.3
52825.4,16702.9,241.1,1.1,16702.9,16884.1
52835.3,16793.5,241.1,1.2,16793.5,16793.5
52845.2,16974.6,241.1,1.0,16884.1,17065.2
52855.2,17155.8,241.1,1.0,17065.2,17246.4
52865.1,17337.0,239.0,1.0,17246.4,17427.5
52875.0,17608.7,234.7,1.0,17608.7,18152.2
52885.0,17608.7,232.5,1.0,17608.7,17608.7
52894.9,17789.9,232.5,1.0,17608.7,17971.0
52904.8,18061.6,234.7,1.0,17789.9,17971.0
52914.8,17971.0,236.8,1.0,17789.9,18152.2
52924.7,18423.9,245.4,1.0,18423.9,18423.9
52934.6,18423.9,247.5,1.0,18423.9,18423.9
52944.5,18605.1,249.7,1.0,18605.1,18605.1
52954.5,18695.7,249.7,1.0,18695.7,18695.7
52964.4,18786.2,249.7,1.0,18786.2,18786.2
52974.3,18423.9,249.7,1.0,18423.9,18423.9
52984.3,18695.7,251.8,1.0,18695.7,18695.7
52994.2,,260.4,1.0,,
53004.1,,269.0,1.0,,
53014.1,18786.2,271.1,1.0,18786.2,18786.2
53024.0,18695.7,275.4,1.0,18695.7,18695.7
53033.9,18695.7,275.4,1.1,18695.7,18695.7
53043.9,18695.7,271.1,1.0,18695.7,18695.7
53053.8,18786.2,264.7,1.0,18786.2,18786.2
53063.7,,251.8,1.0,,
53073.7,18786.2,243.2,1.0,18786.2,18786.2
53083.6,,241.1,1.0,,
53093.5,,239.0,1.1,,
53103.5,,239.0,1.0,,
53113.4,,239.0,1.1,,
53123.3,,236.8,1.1,,
53133.3,,239.0,1.1,,
53143.2,,232.5,1.1,,
53153.1,,230.4,1.1,,
53163.1,18786.2,228.2,1.1,18786.2,18786.2
53173.0,18786.2,221.8,1.0,18786.2,18786.2
53182.9,18786.2,217.5,1.0,18786.2,18786.2
53192.9,,213.2,1.0,,
53202.8,,215.4,1.0,,
53212.7,,219.7,1.0,,
53222.7,,236.8,1.0,,
53232.6,,241.1,1.0,,
53242.5,18786.2,241.1,1.0,18786.2,18786.2
53252.5,,241.1,1.0,,
53262.4,18605.1,241.1,1.0,18605.1,18605.1
53272.3,18786.2,241.1,0.9,18786.2,18786.2
53282.2,18514.5,245.4,0.9,18514.5,18514.5
53292.2,18423.9,247.5,1.0,18423.9,18423.9
53302.1,18423.9,245.4,1.1,18423.9,18423.9
53312.0,18333.3,241.1,1.1,18333.3,18333.3
53322.0,18423.9,241.1,1.0,18423.9,18423.9
53331.9,18423.9,241.1,1.0,18423.9,18423.9
53341.8,18333.3,241.1,1.0,18333.3,18333.3
53351.8,18333.3,241.1,1.0,18333.3,18333.3
53361.7,18333.3,241.1,1.0,18333.3,18333.3
53371.6,18333.3,241.1,1.0,18333.3,18333.3
53381.6,18242.8,241.1,1.0,18242.8,18242.8
53391.5,18242.8,241.1,1.1,18242.8,18242.8
53401.4,18242.8,239.0,1.0,18242.8,18242.8
53411.4,18152.2,239.0,1.1,18152.2,18152.2
53421.3,18242.8,239.0,1.2,18152.2,18333.3
53431.2,18423.9,239.0,1.0,18333.3,18514.5
53441.2,18695.7,239.0,1.0,18695.7,18695.7
53451.1,18605.1,239.0,1.0,18605.1,18605.1
53461.0,18605.1,239.0,1.0,18605.1,18605.1
53471.0,18695.7,241.1,1.1,18695.7,18695.7
53480.9,18605.1,243.2,1.2,18605.1,18605.1
53490.8,18695.7,243.2,1.2,18695.7,18695.7
53500.8,18605.1,243.2,1.1,18605.1,18605.1
53510.7,18514.5,243.2,1.1,18514.5,18514.5
53520.6,18423.9,241.1,1.1,18333.3,18514.5
53530.6,18242.8,232.5,1.1,18242.8,18242.8
53540.5,18152.2,230.4,1.1,18152.2,18152.2
53550.4,18061.6,226.1,1.0,17971.0,18152.2
53560.4,17971.0,219.7,1.0,17971.0,18152.2
53570.3,17699.3,215.4,1.0,17699.3,17699.3
53580.2,17789.9,211.1,1.0,17789.9,17971.0
53590.2,17699.3,209.0,1.0,17699.3,17699.3
53600.1,17427.5,202.5,1.0,17427.5,17427.5
53610.0,17337.0,202.5,1.0,17337.0,17337.0
53620.0,17155.8,200.4,1.0,17155.8,17155.8
53629.9,16974.6,200.4,1.0,16702.9,17065.2
53639.8,16884.1,200.4,1.0,16884.1,16884.1
53649.8,16702.9,202.5,1.0,16340.6,17065.2
53659.7,16431.2,202.5,1.0,16159.4,16521.7
53669.6,16068.8,200.4,1.0,15978.3,16159.4
53679.5,15706.5,206.8,1.0,15253.6,15978.3
53689.5,15434.8,213.2,1.1,15253.6,15615.9
53699.4,15344.2,217.5,1.1,15072.5,15797.1
53709.3,14800.7,221.8,1.0,14800.7,14800.7
53719.3,14347.8,219.7,1.0,14347.8,14347.8
53729.2,13985.5,221.8,1.0,13804.3,14166.7
53739.1,13985.5,221.8,1.0,13623.2,14166.7
53749.1,13713.8,226.1,1.0,13260.9,13985.5
53759.0,13170.3,232.5,1.0,12173.9,13442.0
53768.9,13079.7,236.8,1.0,12717.4,13985.5
53778.9,12445.7,241.1,1.1,11992.8,12717.4
53788.8,12355.1,243.2,1.1,12173.9,12536.2
53798.7,11811.6,245.4,1.0,11630.4,11992.8
53808.7,11358.7,247.5,1.0,11268.1,11449.3
53818.6,11087.0,251.8,1.0,10905.8,11268.1
53828.5,10724.6,254.0,1.0,10543.5,10905.8
53838.5,10362.3,256.1,1.0,10181.2,10543.5
53848.4,10090.6,258.3,1.0,10000.0,10181.2
53858.3,10000.0,258.3,1.0,9818.8,10362.3
53868.3,9547.1,258.3,1.0,9456.5,9637.7
53878.2,9184.8,256.1,1.0,9094.2,9275.4
53888.1,8822.5,256.1,1.1,8731.9,8913.0
53898.1,8550.7,256.1,1.0,8369.6,8731.9
53908.0,8279.0,254.0,1.0,8188.4,8369.6
53917.9,8097.8,247.5,1.1,8007.2,8188.4
53927.9,7826.1,245.4,1.1,7826.1,7826.1
53937.8,7554.3,241.1,1.0,7463.8,7644.9
53947.7,7373.2,239.0,1.0,7282.6,7826.1
53957.7,6920.3,239.0,1.1,6739.1,6920.3
53967.6,6739.1,239.0,1.0,6195.7,6739.1
53977.5,6376.8,241.1,1.0,6195.7,6558.0
53987.5,6376.8,241.1,1.0,6014.5,6739.1
53997.4,6105.1,236.8,1.0,6105.1,6105.1
54007.3,5833.3,234.7,1.0,5833.3,5833.3
54017.2,5561.6,236.8,1.0,5471.0,5652.2
54027.2,5471.0,236.8,1.1,5471.0,5471.0
54037.1,5108.7,234.7,1.1,4927.5,5108.7
54047.0,5018.1,230.4,1.0,4746.4,5108.7
54057.0,4837.0,230.4,1.0,4746.4,4927.5
54066.9,4746.4,228.2,1.0,4746.4,4746.4
54076.8,4384.1,228.2,1.0,4021.7,4565.2
54086.8,,228.2,1.0,,
54096.7,,230.4,1.0,,
54106.6,3478.3,230.4,1.1,3478.3,3478.3
54116.6,3478.3,228.2,1.0,3478.3,3478.3
54126.5,3297.1,226.1,1.0,3297.1,3297.1
54136.4,3387.7,224.0,1.0,3387.7,3387.7
54146.4,3297.1,219.7,1.0,3297.1,3297.1
54156.3,3206.5,217.5,1.1,3206.5,3206.5
54166.2,3206.5,211.1,1.1,3206.5,3206.5
54176.2,3297.1,206.8,1.0,3297.1,3297.1
54186.1,3297.1,206.8,1.0,3297.1,3297.1
54196.0,3387.7,204.7,1.0,3387.7,3387.7
54206.0,3297.1,198.2,1.0,3297.1,3297.1
54215.9,3297.1,194.0,1.0,3297.1,3297.1
54225.8,3206.5,185.4,1.0,3206.5,3206.5
54235.8,3115.9,181.1,1.0,3115.9,3115.9
54245.7,3025.4,179.0,1.0,3025.4,3025.4
54255.6,2844.2,176.8,1.0,2844.2,2844.2
54265.6,2844.2,176.8,1.0,2844.2,2844.2
54275.5,2753.6,176.8,1.0,2572.5,2753.6
54285.4,2663.0,176.8,1.0,2663.0,2663.0
54295.4,2663.0,170.4,1.0,2663.0,2663.0
54305.3,2663.0,164.0,1.0,2663.0,2663.0
54315.2,2663.0,166.1,1.0,2663.0,2663.0
54325.2,2663.0,166.1,1.0,2663.0,2663.0
54335.1,2481.9,166.1,1.0,2481.9,2481.9
54345.0,2481.9,164.0,1.0,2481.9,2481.9
54355.0,2210.1,155.4,1.0,2210.1,2210.1
54364.9,2300.7,155.4,1.0,2300.7,2300.7
54374.8,2119.6,151.1,1.0,2119.6,2119.6
54384.8,2029.0,148.9,1.0,2029.0,2029.0
54394.7,1938.4,146.8,1.1,1847.8,2029.0
54404.6,1757.2,146.8,1.1,1757.2,1757.2
54414.5,1576.1,144.7,1.1,1576.1,1576.1
54424.5,1485.5,148.9,1.0,1485.5,1485.5
54434.4,1485.5,153.2,1.0,1485.5,1485.5
54444.3,1304.3,151.1,1.1,1304.3,1304.3
54454.3,1304.3,151.1,1.1,1304.3,1304.3
54464.2,1213.8,155.4,1.1,1213.8,1213.8
54474.1,1123.2,157.5,1.1,942.0,1123.2
54484.1,1032.6,159.7,1.2,1032.6,1032.6
54494.0,1032.6,164.0,1.1,1032.6,1032.6
54503.9,851.4,164.0,1.0,851.4,851.4
54513.9,942.0,166.1,1.1,942.0,942.0
54523.8,1213.8,166.1,1.0,1123.2,1304.3
54533.7,1304.3,168.2,1.0,1304.3,1304.3
54543.7,1394.9,166.1,1.0,1123.2,1485.5
54553.6,1666.7,161.8,1.1,1666.7,1666.7
54563.5,1847.8,161.8,1.4,1847.8,2029.0
54573.5,1847.8,164.0,1.4,1847.8,2029.0
54583.4,2029.0,161.8,1.3,2029.0,2029.0
54593.3,2119.6,159.7,1.0,2029.0,2210.1
54603.3,2119.6,164.0,1.0,2029.0,2210.1
54613.2,2481.9,168.2,1.0,2481.9,2481.9
54623.1,2391.3,168.2,1.0,2210.1,2391.3
54633.1,2572.5,166.1,1.0,2391.3,2572.5
54643.0,2572.5,164.0,1.0,2572.5,2572.5
54652.9,2572.5,164.0,1.0,2572.5,2572.5
54662.9,2663.0,164.0,1.0,2663.0,2663.0
54672.8,2481.9,164.0,1.0,2210.1,2391.3
54682.7,2300.7,164.0,1.0,2210.1,2391.3
54692.7,2391.3,166.1,1.1,2391.3,2391.3
54702.6,2300.7,166.1,1.1,2300.7,2300.7
54712.5,2119.6,166.1,1.0,2119.6,2119.6
54722.5,2119.6,166.1,1.0,2119.6,2119.6
54732.4,2210.1,164.0,1.0,2210.1,2210.1
54742.3,2210.1,164.0,1.0,2210.1,2210.1
54752.2,2119.6,164.0,1.0,2119.6,2119.6
54762.2,2119.6,164.0,1.0,2119.6,2119.6
54772.1,2119.6,164.0,1.0,2119.6,2119.6
54782.0,2119.6,164.0,1.0,2119.6,2119.6
54792.0,2119.6,164.0,1.0,2119.6,2119.6
54801.9,2119.6,164.0,1.0,2119.6,2119.6
54811.8,2119.6,161.8,1.0,2119.6,2119.6
54821.8,2119.6,161.8,1.0,2119.6,2119.6
54831.7,2119.6,157.5,1.0,2119.6,2119.6
54841.6,2119.6,157.5,1.0,2119.6,2119.6
54851.6,2210.1,155.4,1.0,2210.1,2210.1
54861.5,2300.7,157.5,1.0,2300.7,2300.7
54871.4,2210.1,159.7,1.0,2029.0,2210.1
54881.4,2210.1,161.8,1.0,2210.1,2210.1
54891.3,2119.6,159.7,1.0,2119.6,2119.6
54901.2,2119.6,161.8,1.0,2119.6,2119.6
54911.2,2119.6,161.8,1.0,2119.6,2119.6
54921.1,2119.6,161.8,1.0,2119.6,2119.6
54931.0,2029.0,161.8,1.0,2029.0,2029.0
54941.0,1938.4,159.7,1.0,1938.4,1938.4
54950.9,2029.0,159.7,1.0,2029.0,2029.0
54960.8,1938.4,159.7,1.0,1938.4,1938.4
54970.8,1757.2,159.7,1.0,1757.2,1757.2
54980.7,1847.8,159.7,1.0,1847.8,1847.8
54990.6,1757.2,161.8,1.0,1757.2,1757.2
55000.6,1576.1,161.8,1.0,1576.1,1576.1
55010.5,1576.1,159.7,1.0,1576.1,1576.1
55020.4,1485.5,161.8,1.0,1485.5,1485.5
55030.4,1576.1,159.7,1.0,1576.1,1576.1
55040.3,1576.1,157.5,1.0,1485.5,1666.7
55050.2,1304.3,157.5,1.0,1304.3,1304.3
55060.2,1304.3,157.5,1.0,1304.3,1304.3
55070.1,1213.8,157.5,1.0,1213.8,1213.8
55080.0,1123.2,157.5,1.0,942.0,1123.2
55090.0,942.0,159.7,1.0,942.0,942.0
55099.9,942.0,159.7,1.0,942.0,942.0
55109.8,942.0,159.7,1.0,942.0,942.0
55119.8,851.4,157.5,1.0,851.4,851.4
55129.7,851.4,157.5,1.0,851.4,851.4
55139.6,851.4,159.7,1.0,851.4,851.4
55149.5,851.4,164.0,1.0,851.4,851.4
55159.5,942.0,166.1,1.0,942.0,942.0
55169.4,1032.6,164.0,1.0,1032.6,1032.6
55179.3,1213.8,157.5,1.0,1213.8,1213.8
55189.3,1123.2,155.4,1.1,942.0,1123.2
55199.2,1123.2,155.4,1.1,1123.2,1123.2
55209.1,1213.8,155.4,1.0,1123.2,1304.3
55219.1,1304.3,155.4,1.0,1304.3,1304.3
55229.0,1304.3,155.4,1.0,1304.3,1304.3
55238.9,1304.3,153.2,1.0,1304.3,1304.3
55248.9,1394.9,155.4,1.0,1394.9,1394.9
55258.8,1576.1,155.4,1.0,1576.1,1576.1
55268.7,1576.1,155.4,1.0,1576.1,1576.1
55278.7,1576.1,153.2,1.0,1576.1,1576.1
55288.6,1666.7,155.4,1.0,1666.7,1666.7
55298.5,1666.7,155.4,1.0,1666.7,1666.7
55308.5,1576.1,151.1,1.0,1576.1,1576.1
55318.4,1394.9,151.1,1.0,1394.9,1394.9
55328.3,1576.1,153.2,1.0,1576.1,1576.1
55338.3,1666.7,153.2,1.0,1666.7,1666.7
55348.2,1485.5,151.1,1.0,1485.5,1485.5
55358.1,1576.1,151.1,1.0,1576.1,1576.1
55368.1,1485.5,153.2,1.0,1485.5,1485.5
55378.0,1576.1,153.2,1.0,1576.1,1576.1
55387.9,1576.1,157.5,1.0,1576.1,1576.1
55397.9,1576.1,155.4,1.0,1576.1,1576.1
55407.8,1666.7,155.4,1.0,1666.7,1666.7
55417.7,1666.7,157.5,1.0,1666.7,1666.7
55427.7,1666.7,155.4,1.0,1666.7,1666.7
55437.6,1757.2,155.4,1.0,1847.8,3297.1
55447.5,1666.7,157.5,1.0,1666.7,1666.7
55457.5,1576.1,157.5,1.0,1576.1,1576.1
55467.4,1576.1,159.7,1.0,1576.1,1576.1
55477.3,1304.3,159.7,1.0,1304.3,1304.3
55487.2,1304.3,157.5,1.0,1304.3,1304.3
55497.2,1394.9,155.4,1.0,1394.9,1394.9
55507.1,1394.9,153.2,1.0,1394.9,1394.9
55517.0,1213.8,153.2,1.0,1213.8,1213.8
55527.0,1213.8,153.2,1.0,1213.8,1213.8
55536.9,1032.6,153.2,1.0,1032.6,1032.6
55546.8,1032.6,153.2,1.0,1032.6,1032.6
55556.8,1032.6,153.2,1.0,1032.6,1032.6
55566.7,851.4,153.2,1.0,851.4,851.4
55576.6,851.4,153.2,1.0,851.4,851.4
55586.6,760.9,151.1,1.0,760.9,760.9
55596.5,670.3,148.9,1.0,670.3,670.3
55606.4,670.3,114.7,1.0,670.3,670.3
55616.4,670.3,84.7,1.0,670.3,670.3
55626.3,670.3,33.2,1.0,670.3,670.3
55636.2,670.3,18.2,1.0,670.3,670.3
55646.2,670.3,18.2,1.0,670.3,670.3
55656.1,670.3,16.1,1.0,670.3,670.3
55666.0,670.3,16.1,1.0,670.3,670.3
