time,lat,lon,alt_ft,hdg,pitch,roll,gnd,ias_kt,vs_fpm,g,wind_dir,wind_kt,epr1,epr2,epr3,epr4,q,src
10:00:00,35.561890,139.760020,21,145.4,0.0,0.0,1,0,0,1.00,220,15,1.02,1.03,1.00,1.02,R,S
10:00:01,35.561890,139.760020,21,145.4,0.0,0.0,1,0,0,1.00,220,15,1.02,1.03,1.00,1.02,R,S
10:00:02,35.561890,139.760020,21,145.4,0.0,0.0,1,0,0,1.00,220,15,1.02,1.03,1.00,1.02,R,S
10:00:03,35.561890,139.760020,21,145.4,0.0,0.0,1,0,0,1.00,220,15,1.02,1.03,1.00,1.02,R,S
10:00:04,35.561890,139.760020,21,145.4,0.0,0.0,1,0,0,1.00,220,15,1.02,1.03,1.00,1.02,R,S
10:00:05,35.561883,139.760026,21,145.4,0.0,0.0,1,4,0,1.00,220,15,1.05,1.06,1.03,1.05,R,S
10:00:06,35.561860,139.760045,21,145.4,0.0,0.0,1,8,0,1.00,220,15,1.13,1.14,1.11,1.13,R,S
10:00:07,35.561823,139.760077,21,145.4,0.0,0.0,1,12,0,1.00,220,15,1.24,1.25,1.22,1.24,R,S
10:00:08,35.561770,139.760122,21,145.4,0.0,0.0,1,16,0,1.00,220,15,1.34,1.35,1.32,1.34,R,S
10:00:09,35.561702,139.760180,21,145.4,0.0,0.0,1,20,0,1.00,220,15,1.42,1.43,1.40,1.42,R,S
10:00:10,35.561618,139.760250,21,145.4,0.0,0.0,1,24,0,1.00,220,15,1.45,1.46,1.43,1.45,R,S
10:00:11,35.561520,139.760334,21,145.4,0.0,0.0,1,28,0,1.00,220,15,1.45,1.46,1.43,1.45,R,S
10:00:12,35.561406,139.760430,21,145.4,0.0,0.0,1,32,0,1.00,220,15,1.45,1.46,1.43,1.45,R,S
10:00:13,35.561277,139.760540,21,145.4,0.0,0.0,1,36,0,1.00,220,15,1.45,1.46,1.43,1.45,R,S
10:00:14,35.561133,139.760662,21,145.4,0.0,0.0,1,40,0,1.00,220,15,1.45,1.46,1.43,1.45,R,S
10:00:15,35.560974,139.760797,21,145.4,0.0,0.0,1,44,0,1.00,220,15,1.45,1.46,1.43,1.45,R,S
10:00:16,35.560799,139.760945,21,145.4,0.0,0.0,1,48,0,1.00,220,15,1.45,1.46,1.43,1.45,R,S
10:00:17,35.560609,139.761106,21,145.4,0.0,0.0,1,52,0,1.00,220,15,1.45,1.46,1.43,1.45,R,S
10:00:18,35.560404,139.761280,21,145.4,0.0,0.0,1,56,0,1.00,220,15,1.45,1.46,1.43,1.45,R,S
10:00:19,35.560184,139.761467,21,145.4,0.0,0.0,1,60,0,1.00,220,15,1.45,1.46,1.43,1.45,R,S
10:00:20,35.559948,139.761666,21,145.4,0.0,0.0,1,64,0,1.00,220,15,1.45,1.46,1.43,1.45,R,S
10:00:21,35.559698,139.761879,21,145.4,0.0,0.0,1,68,0,1.00,220,15,1.45,1.46,1.43,1.45,R,S
10:00:22,35.559432,139.762105,21,145.4,0.0,0.0,1,72,0,1.00,220,15,1.45,1.46,1.43,1.45,R,S
10:00:23,35.559151,139.762343,21,145.4,0.0,0.0,1,76,0,1.00,220,15,1.45,1.46,1.43,1.45,R,S
10:00:24,35.558854,139.762594,21,145.4,0.0,0.0,1,80,0,1.00,220,15,1.45,1.46,1.43,1.45,R,S
10:00:25,35.558543,139.762858,21,145.4,0.0,0.0,1,84,0,1.00,220,15,1.45,1.46,1.43,1.45,R,S
10:00:26,35.558216,139.763135,21,145.4,0.0,0.0,1,88,0,1.00,220,15,1.45,1.46,1.43,1.45,R,S
10:00:27,35.557874,139.763425,21,145.4,0.0,0.0,1,92,0,1.00,220,15,1.45,1.46,1.43,1.45,R,S
10:00:28,35.557517,139.763728,21,145.4,0.0,0.0,1,96,0,1.00,220,15,1.45,1.46,1.43,1.45,R,S
10:00:29,35.557145,139.764044,21,145.4,0.0,0.0,1,100,0,1.00,220,15,1.45,1.46,1.43,1.45,R,S
10:00:30,35.556757,139.764373,21,145.4,0.0,0.0,1,104,0,1.00,220,15,1.45,1.46,1.43,1.45,R,S
10:00:31,35.556354,139.764714,21,145.4,0.0,0.0,1,108,0,1.00,220,15,1.45,1.46,1.43,1.45,R,S
10:00:32,35.555936,139.765069,21,145.4,0.0,0.0,1,112,0,1.00,220,15,1.45,1.46,1.43,1.45,R,S
10:00:33,35.555503,139.765436,21,145.4,0.0,0.0,1,116,0,1.00,220,15,1.45,1.46,1.43,1.45,R,S
10:00:34,35.555054,139.765817,21,145.4,0.0,0.0,1,120,0,1.00,220,15,1.45,1.46,1.43,1.45,R,S
10:00:35,35.554591,139.766210,21,145.4,0.0,0.0,1,124,0,1.00,220,15,1.45,1.46,1.43,1.45,R,S
10:00:36,35.554112,139.766616,21,145.4,0.0,0.0,1,128,0,1.00,220,15,1.45,1.46,1.43,1.45,R,S
10:00:37,35.553618,139.767035,21,145.4,0.0,0.0,1,132,0,1.00,220,15,1.45,1.46,1.43,1.45,R,S
10:00:38,35.553108,139.767467,21,145.4,0.0,0.0,1,136,0,1.00,220,15,1.45,1.46,1.43,1.45,R,S
10:00:39,35.552584,139.767912,21,145.4,0.0,0.0,1,140,0,1.00,220,15,1.45,1.46,1.43,1.45,R,S
10:00:40,35.552044,139.768369,21,145.4,0.0,0.0,1,144,0,1.00,220,15,1.45,1.46,1.43,1.45,R,S
10:00:41,35.551489,139.768840,21,145.4,1.3,0.0,1,148,0,1.00,220,15,1.45,1.46,1.43,1.45,R,S
10:00:42,35.550919,139.769323,21,145.4,4.0,0.0,1,152,0,1.00,220,15,1.45,1.46,1.43,1.45,R,S
10:00:43,35.550333,139.769820,21,145.4,6.8,0.0,1,156,0,1.00,220,15,1.45,1.46,1.43,1.45,R,S
10:00:44,35.549733,139.770329,21,145.4,8.0,0.0,0,160,0,1.00,220,15,1.45,1.46,1.43,1.45,R,S
10:00:45,35.549122,139.770846,22,145.4,8.2,0.0,0,161,185,1.00,220,15,1.45,1.46,1.43,1.45,R,S
10:00:46,35.548509,139.771366,28,145.4,8.6,0.0,0,162,648,1.00,220,15,1.45,1.46,1.43,1.45,R,S
10:00:47,35.547893,139.771889,44,145.4,9.3,0.0,0,162,1250,1.00,220,15,1.45,1.46,1.43,1.45,R,S
10:00:48,35.547274,139.772414,70,145.4,10.0,0.0,0,163,1852,1.00,220,15,1.45,1.46,1.43,1.45,R,S
10:00:49,35.546652,139.772941,104,145.4,10.7,0.0,0,164,2315,1.00,220,15,1.45,1.46,1.43,1.45,R,S
10:00:50,35.546026,139.773471,145,145.4,11.4,0.0,0,165,2500,1.00,220,15,1.45,1.46,1.43,1.45,R,S
10:00:51,35.545398,139.774004,187,145.4,11.8,0.0,0,166,2500,1.00,220,15,1.45,1.46,1.43,1.45,R,S
10:00:52,35.544767,139.774539,228,145.4,12.0,0.0,0,166,2500,1.00,220,15,1.45,1.46,1.43,1.45,R,S
10:00:53,35.544132,139.775077,270,145.4,12.0,0.0,0,167,2500,1.00,220,15,1.45,1.46,1.43,1.45,R,S
10:00:54,35.543495,139.775618,312,145.4,12.0,0.0,0,168,2500,1.00,220,15,1.45,1.46,1.43,1.45,R,S
10:00:55,35.542854,139.776161,353,145.4,12.0,0.0,0,169,2500,1.00,220,15,1.45,1.46,1.43,1.45,R,S
10:00:56,35.542211,139.776706,395,145.4,12.0,0.0,0,170,2500,1.00,220,15,1.45,1.46,1.43,1.45,R,S
10:00:57,35.541564,139.777255,437,145.4,12.0,0.0,0,170,2500,1.00,220,15,1.45,1.46,1.43,1.45,R,S
10:00:58,35.540914,139.777805,478,145.4,12.0,0.0,0,171,2500,1.00,220,15,1.45,1.46,1.43,1.45,R,S
10:00:59,35.540262,139.778359,520,145.4,12.0,0.0,0,172,2500,1.00,220,15,1.45,1.46,1.43,1.45,R,S
10:01:00,35.539606,139.778915,562,145.4,12.0,0.0,0,173,2500,1.00,220,15,1.45,1.46,1.43,1.45,R,S
10:01:01,35.538947,139.779473,603,145.4,12.0,0.0,0,174,2500,1.00,220,15,1.45,1.46,1.43,1.45,R,S
10:01:02,35.538285,139.780034,645,145.4,12.0,0.0,0,174,2500,1.00,220,15,1.44,1.45,1.42,1.44,R,S
10:01:03,35.537621,139.780598,687,145.4,12.0,0.0,0,175,2500,1.00,220,15,1.43,1.44,1.41,1.43,R,S
10:01:04,35.536953,139.781164,728,145.4,12.0,0.0,0,176,2500,1.00,220,15,1.41,1.42,1.39,1.41,R,S
10:01:05,35.536282,139.781733,770,145.4,12.0,0.0,0,177,2500,1.00,220,15,1.40,1.41,1.38,1.40,R,S
10:01:06,35.535608,139.782304,812,145.4,12.0,0.0,0,178,2500,1.00,220,15,1.39,1.40,1.37,1.39,R,S
10:01:07,35.534931,139.782878,853,145.4,12.0,0.0,0,178,2500,1.00,220,15,1.37,1.38,1.35,1.37,R,S
10:01:08,35.534251,139.783455,895,145.4,12.0,0.0,0,179,2500,1.00,220,15,1.36,1.37,1.34,1.36,R,S
10:01:09,35.533568,139.784034,937,145.4,12.0,0.0,0,180,2500,1.00,220,15,1.35,1.36,1.33,1.35,R,S
10:01:10,35.532881,139.784615,978,145.4,12.0,0.0,0,181,2500,1.00,220,15,1.35,1.36,1.33,1.35,R,S
10:01:11,35.532192,139.785200,1020,145.4,12.0,0.0,0,182,2500,1.00,220,15,1.35,1.36,1.33,1.35,R,S
10:01:12,35.531500,139.785786,1062,145.4,12.0,0.0,0,182,2500,1.00,220,15,1.35,1.36,1.33,1.35,R,S
10:01:13,35.530805,139.786376,1103,145.4,12.0,0.0,0,183,2500,1.00,220,15,1.35,1.36,1.33,1.35,R,S
10:01:14,35.530106,139.786968,1145,145.4,12.0,0.0,0,184,2500,1.00,220,15,1.35,1.36,1.33,1.35,R,S
10:01:15,35.529405,139.787562,1187,145.4,12.0,0.0,0,185,2500,1.00,220,15,1.35,1.36,1.33,1.35,R,S
10:01:16,35.528701,139.788160,1228,145.4,12.0,0.0,0,186,2500,1.00,220,15,1.35,1.36,1.33,1.35,R,S
10:01:17,35.527993,139.788759,1270,145.4,12.0,0.0,0,186,2500,1.00,220,15,1.35,1.36,1.33,1.35,R,S
10:01:18,35.527283,139.789361,1312,145.4,12.0,0.0,0,187,2500,1.00,220,15,1.35,1.36,1.33,1.35,R,S
10:01:19,35.526569,139.789966,1353,145.4,12.0,0.0,0,188,2500,1.00,220,15,1.35,1.36,1.33,1.35,R,S
10:01:20,35.525852,139.790574,1395,145.4,12.0,0.0,0,189,2500,1.00,220,15,1.35,1.36,1.33,1.35,R,S
10:01:21,35.525133,139.791184,1437,145.4,12.0,0.0,0,190,2500,1.00,220,15,1.35,1.36,1.33,1.35,R,S
10:01:22,35.524410,139.791796,1478,145.4,12.0,0.0,0,190,2500,1.00,220,15,1.35,1.36,1.33,1.35,R,S
10:01:23,35.523684,139.792411,1520,145.4,12.0,0.0,0,191,2500,1.00,220,15,1.35,1.36,1.33,1.35,R,S
10:01:24,35.522956,139.793029,1562,145.4,12.0,0.0,0,192,2500,1.00,220,15,1.35,1.36,1.33,1.35,R,S
10:01:25,35.522224,139.793649,1603,145.4,12.0,0.0,0,193,2500,1.00,220,15,1.35,1.36,1.33,1.35,R,S
10:01:26,35.521489,139.794272,1645,145.4,12.0,0.0,0,194,2500,1.00,220,15,1.35,1.36,1.33,1.35,R,S
10:01:27,35.520751,139.794898,1687,145.4,12.0,0.0,0,194,2500,1.00,220,15,1.35,1.36,1.33,1.35,R,S
10:01:28,35.520010,139.795526,1728,145.4,12.0,0.0,0,195,2500,1.00,220,15,1.35,1.36,1.33,1.35,R,S
10:01:29,35.519266,139.796156,1770,145.4,12.0,0.0,0,196,2500,1.00,220,15,1.35,1.36,1.33,1.35,R,S
10:01:30,35.518519,139.796789,1812,145.4,12.0,0.0,0,197,2500,1.00,220,15,1.35,1.36,1.33,1.35,R,S
10:01:31,35.517769,139.797425,1853,145.4,12.0,0.0,0,198,2500,1.00,220,15,1.35,1.36,1.33,1.35,R,S
10:01:32,35.517016,139.798063,1895,145.4,12.0,0.0,0,198,2500,1.00,220,15,1.35,1.36,1.33,1.35,R,S
10:01:33,35.516260,139.798704,1937,145.4,12.0,0.0,0,199,2500,1.00,220,15,1.35,1.36,1.33,1.35,R,S
10:01:34,35.515501,139.799348,1978,145.4,12.0,0.0,0,200,2500,1.00,220,15,1.35,1.36,1.33,1.35,R,S
10:01:35,35.514738,139.799994,2020,145.4,12.0,0.0,0,201,2500,1.00,220,15,1.35,1.36,1.33,1.35,R,S
10:01:36,35.513973,139.800642,2062,145.4,12.0,0.0,0,202,2500,1.00,220,15,1.35,1.36,1.33,1.35,R,S
10:01:37,35.513205,139.801294,2103,145.4,12.0,0.0,0,202,2500,1.00,220,15,1.35,1.36,1.33,1.35,R,S
10:01:38,35.512433,139.801947,2145,145.4,12.0,0.0,0,203,2500,1.00,220,15,1.35,1.36,1.33,1.35,R,S
10:01:39,35.511659,139.802604,2187,145.4,12.0,0.0,0,204,2500,1.00,220,15,1.35,1.36,1.33,1.35,R,S
10:01:40,35.510882,139.803262,2228,145.4,12.0,0.0,0,205,2500,1.00,220,15,1.30,1.31,1.28,1.30,R,S
10:01:41,35.510101,139.803924,2270,145.5,11.7,2.6,0,206,2426,1.00,220,15,1.30,1.31,1.28,1.30,R,S
10:01:42,35.509315,139.804583,2309,146.0,11.0,8.8,0,206,2241,1.01,220,15,1.30,1.31,1.28,1.30,R,S
10:01:43,35.508517,139.805230,2344,147.1,10.0,16.2,0,207,2000,1.04,220,15,1.30,1.31,1.28,1.30,R,S
10:01:44,35.507704,139.805854,2376,149.0,9.0,22.4,0,208,1759,1.08,220,15,1.30,1.31,1.28,1.30,R,S
10:01:45,35.506868,139.806442,2403,151.3,8.3,25.0,0,209,1574,1.10,220,15,1.30,1.31,1.28,1.30,R,S
10:01:46,35.506010,139.806989,2429,153.8,8.0,25.0,0,210,1500,1.10,220,15,1.30,1.31,1.28,1.30,R,S
10:01:47,35.505131,139.807492,2454,156.2,8.0,25.0,0,210,1500,1.10,220,15,1.30,1.31,1.28,1.30,R,S
10:01:48,35.504235,139.807949,2479,158.6,8.0,25.0,0,210,1500,1.10,220,15,1.30,1.31,1.28,1.30,R,S
10:01:49,35.503323,139.808359,2504,161.0,8.0,25.0,0,210,1500,1.10,220,15,1.30,1.31,1.28,1.30,R,S
10:01:50,35.502399,139.808721,2529,163.5,8.0,25.0,0,210,1500,1.10,220,15,1.30,1.31,1.28,1.30,R,S
10:01:51,35.501463,139.809035,2554,165.3,8.0,26.0,0,210,1500,1.10,220,15,1.30,1.31,1.28,1.30,R,S
10:01:52,35.500517,139.809300,2579,167.6,8.0,29.5,0,210,1500,1.10,220,15,1.30,1.31,1.28,1.30,R,S
10:01:53,35.499562,139.809516,2604,171.1,8.0,31.4,0,210,1500,1.10,220,15,1.30,1.31,1.28,1.30,R,S
10:01:54,35.498601,139.809682,2629,174.6,8.0,29.8,0,210,1500,1.10,220,15,1.30,1.31,1.28,1.30,R,S
10:01:55,35.497636,139.809798,2654,177.7,8.0,26.7,0,210,1500,1.10,220,15,1.30,1.31,1.28,1.30,R,S
10:01:56,35.496667,139.809863,2679,180.1,8.0,23.3,0,210,1500,1.10,220,15,1.30,1.31,1.28,1.30,R,S
10:01:57,35.495696,139.809878,2704,181.8,8.0,20.6,0,210,1500,1.10,220,15,1.30,1.31,1.28,1.30,R,S
10:01:58,35.494726,139.809843,2729,183.1,8.0,19.3,0,210,1500,1.10,220,15,1.30,1.31,1.28,1.30,R,S
10:01:59,35.493758,139.809757,2754,184.5,8.0,19.9,0,210,1500,1.10,220,15,1.30,1.31,1.28,1.30,R,S
10:02:00,35.492794,139.809621,2779,186.1,8.0,22.1,0,210,1500,1.10,220,15,1.30,1.31,1.28,1.30,R,S
10:02:01,35.491836,139.809435,2804,188.2,8.0,25.0,0,210,1500,1.10,220,15,1.30,1.31,1.28,1.30,R,S
10:02:02,35.490885,139.809199,2829,191.0,8.0,27.8,0,210,1500,1.10,220,15,1.30,1.31,1.28,1.30,R,S
10:02:03,35.489942,139.808914,2854,194.2,8.0,29.6,0,210,1500,1.10,220,15,1.30,1.31,1.28,1.30,R,S
10:02:04,35.489011,139.808581,2879,197.7,8.0,29.9,0,210,1500,1.10,220,15,1.30,1.31,1.28,1.30,R,S
10:02:05,35.488091,139.808199,2904,201.0,8.0,28.6,0,210,1500,1.10,220,15,1.30,1.31,1.28,1.30,R,S
10:02:06,35.487186,139.807770,2929,203.9,8.0,26.3,0,210,1500,1.10,220,15,1.30,1.31,1.28,1.30,R,S
10:02:07,35.486296,139.807294,2954,206.3,8.0,23.7,0,210,1500,1.10,220,15,1.30,1.31,1.28,1.30,R,S
10:02:08,35.485424,139.806773,2979,208.2,8.0,21.6,0,210,1500,1.10,220,15,1.30,1.31,1.28,1.30,R,S
10:02:09,35.484570,139.806206,3004,209.8,8.0,20.7,0,210,1500,1.10,220,15,1.30,1.31,1.28,1.30,R,S
10:02:10,35.483737,139.805596,3029,211.3,8.0,21.1,0,210,1500,1.10,220,15,1.30,1.31,1.28,1.30,R,S
10:02:11,35.482925,139.804943,3054,213.1,8.0,22.8,0,210,1500,1.10,220,15,1.30,1.31,1.28,1.30,R,S
10:02:12,35.482136,139.804248,3079,215.4,8.0,25.0,0,210,1500,1.10,220,15,1.30,1.31,1.28,1.30,R,S
10:02:13,35.481373,139.803513,3104,218.1,8.0,27.1,0,210,1500,1.10,220,15,1.30,1.31,1.28,1.30,R,S
10:02:14,35.480635,139.802739,3129,221.1,8.0,28.5,0,210,1500,1.10,220,15,1.30,1.31,1.28,1.30,R,S
10:02:15,35.479924,139.801927,3154,224.3,8.0,28.7,0,210,1500,1.10,220,15,1.30,1.31,1.28,1.30,R,S
10:02:16,35.479242,139.801079,3179,227.4,8.0,27.8,0,210,1500,1.10,220,15,1.30,1.31,1.28,1.30,R,S
10:02:17,35.478590,139.800197,3204,230.2,8.0,26.0,0,210,1500,1.10,220,15,1.30,1.31,1.28,1.30,R,S
10:02:18,35.477969,139.799281,3229,232.6,8.0,24.0,0,210,1500,1.10,220,15,1.30,1.31,1.28,1.30,R,S
10:02:19,35.477380,139.798334,3254,234.6,8.0,22.4,0,210,1500,1.10,220,15,1.30,1.31,1.28,1.30,R,S
10:02:20,35.476825,139.797357,3279,236.4,8.0,21.7,0,210,1500,1.10,220,15,1.30,1.31,1.28,1.30,R,S
10:02:21,35.476303,139.796353,3304,238.2,8.0,22.1,0,210,1500,1.10,220,15,1.30,1.31,1.28,1.30,R,S
10:02:22,35.475816,139.795321,3329,240.1,8.0,23.3,0,210,1500,1.10,220,15,1.30,1.31,1.28,1.30,R,S
10:02:23,35.475366,139.794266,3354,242.4,8.0,25.0,0,210,1500,1.10,220,15,1.30,1.31,1.28,1.30,R,S
10:02:24,35.474952,139.793188,3379,245.0,8.0,26.6,0,210,1500,1.10,220,15,1.30,1.31,1.28,1.30,R,S
10:02:25,35.474576,139.792090,3404,247.9,8.0,27.7,0,210,1500,1.10,220,15,1.30,1.31,1.28,1.30,R,S
10:02:26,35.474238,139.790973,3429,250.9,8.0,27.8,0,210,1500,1.10,220,15,1.30,1.31,1.28,1.30,R,S
10:02:27,35.473938,139.789839,3454,253.8,8.0,27.1,0,210,1500,1.10,220,15,1.30,1.31,1.28,1.30,R,S
10:02:28,35.473678,139.788691,3479,256.5,8.0,25.8,0,210,1500,1.10,220,15,1.30,1.31,1.28,1.30,R,S
10:02:29,35.473458,139.787531,3504,258.9,8.0,24.3,0,210,1500,1.10,220,15,1.30,1.31,1.28,1.30,R,S
10:02:30,35.473278,139.786360,3529,261.1,8.0,23.1,0,210,1500,1.10,220,15,1.30,1.31,1.28,1.30,R,S
10:02:31,35.473139,139.785181,3554,263.0,8.0,22.5,0,210,1500,1.10,220,15,1.30,1.31,1.28,1.30,R,S
10:02:32,35.473040,139.783995,3579,265.0,8.0,22.8,0,210,1500,1.10,220,15,1.30,1.31,1.28,1.30,R,S
10:02:33,35.472982,139.782806,3604,267.0,8.0,23.7,0,210,1500,1.10,220,15,1.30,1.31,1.28,1.30,R,S
10:02:34,35.472965,139.781615,3629,269.3,8.0,25.0,0,210,1500,1.10,220,15,1.30,1.31,1.28,1.30,R,S
10:02:35,35.472990,139.780423,3654,271.9,8.0,26.2,0,210,1500,1.10,220,15,1.30,1.31,1.28,1.30,R,S
10:02:36,35.473055,139.779235,3679,274.6,8.0,24.2,0,210,1500,1.08,220,15,1.30,1.31,1.28,1.30,R,S
10:02:37,35.473155,139.778049,3704,276.9,8.0,17.6,0,210,1500,1.04,220,15,1.30,1.31,1.28,1.30,R,S
10:02:38,35.473281,139.776868,3729,278.1,8.0,9.4,0,210,1500,1.01,220,15,1.30,1.31,1.28,1.30,R,S
10:02:39,35.473421,139.775688,3754,278.5,8.0,2.7,0,210,1500,1.00,220,15,1.30,1.31,1.28,1.30,R,S
10:02:40,35.473565,139.774510,3779,278.6,8.0,0.0,0,210,1500,1.00,220,15,1.30,1.31,1.28,1.30,R,S
10:02:41,35.473710,139.773332,3804,278.6,8.0,0.0,0,210,1500,1.00,220,15,1.30,1.31,1.28,1.30,R,S
10:02:42,35.473854,139.772153,3829,278.6,8.0,0.0,0,210,1500,1.00,220,15,1.30,1.31,1.28,1.30,R,S
10:02:43,35.473998,139.770975,3854,278.6,8.0,0.0,0,210,1500,1.00,220,15,1.30,1.31,1.28,1.30,R,S
10:02:44,35.474143,139.769796,3879,278.6,8.0,0.0,0,210,1500,1.00,220,15,1.30,1.31,1.28,1.30,R,S
10:02:45,35.474287,139.768618,3904,278.6,8.0,0.0,0,210,1500,1.00,220,15,1.30,1.31,1.28,1.30,R,S
10:02:46,35.474432,139.767440,3929,278.6,8.0,0.0,0,210,1500,1.00,220,15,1.30,1.31,1.28,1.30,R,S
10:02:47,35.474576,139.766261,3954,278.6,8.0,0.0,0,210,1500,1.00,220,15,1.30,1.31,1.28,1.30,R,S
10:02:48,35.474720,139.765083,3979,278.6,8.0,0.0,0,210,1500,1.00,220,15,1.30,1.31,1.28,1.30,R,S
10:02:49,35.474865,139.763904,4004,278.6,8.0,0.0,0,210,1500,1.00,220,15,1.30,1.31,1.28,1.30,R,S
10:02:50,35.475009,139.762726,4029,278.6,8.0,0.0,0,210,1500,1.00,220,15,1.30,1.31,1.28,1.30,R,S
10:02:51,35.475154,139.761548,4054,278.6,8.0,0.0,0,210,1500,1.00,220,15,1.30,1.31,1.28,1.30,R,S
10:02:52,35.475298,139.760369,4079,278.6,8.0,0.0,0,210,1500,1.00,220,15,1.30,1.31,1.28,1.30,R,S
10:02:53,35.475443,139.759191,4104,278.6,8.0,0.0,0,210,1500,1.00,220,15,1.30,1.31,1.28,1.30,R,S
10:02:54,35.475587,139.758012,4129,278.6,8.0,0.0,0,210,1500,1.00,220,15,1.30,1.31,1.28,1.30,R,S
10:02:55,35.475731,139.756834,4154,278.6,8.0,0.0,0,210,1500,1.00,220,15,1.30,1.31,1.28,1.30,R,S
10:02:56,35.475876,139.755655,4179,278.6,8.0,0.0,0,210,1500,1.00,220,15,1.30,1.31,1.28,1.30,R,S
10:02:57,35.476020,139.754477,4204,278.6,8.0,0.0,0,210,1500,1.00,220,15,1.30,1.31,1.28,1.30,R,S
10:02:58,35.476165,139.753299,4229,278.6,8.0,0.0,0,210,1500,1.00,220,15,1.30,1.31,1.28,1.30,R,S
10:02:59,35.476309,139.752120,4254,278.6,8.0,0.0,0,210,1500,1.00,220,15,1.30,1.31,1.28,1.30,R,S
10:03:00,35.476454,139.750942,4279,278.6,8.0,0.0,0,210,1500,1.00,220,15,1.30,1.31,1.28,1.30,R,S
